"LAName","Region","AB","C1","C2","DE","ConVote","LabVote","LDVote","UKIPVote","GreenVote","Leave"
"Adur","South East",0.195039208052945,0.336076970135143,0.246982926422335,0.221900895389578,0.494729247665237,0.195138081686641,0.0673373682311916,0.165677983085494,0.0522065012625757,0.5457
"Allerdale","North West",0.177781593406593,0.240212912087912,0.273076923076923,0.308928571428571,0.333077052178102,0.398930603840523,0.0469184981917819,0.18524192826408,0.0318411141064209,0.5865
"Amber Valley","East Midlands",0.207205530444031,0.270220685987769,0.247008774262164,0.275565009306036,0.467102816147433,0.31499705763087,0.0382037168364895,0.150000150606867,0.0294844737699338,0.6028
"Arun","South East",0.194955576054765,0.320216536388794,0.237510317036462,0.247317570519979,0.532611050240059,0.136110465761106,0.0860318989853851,0.196544258164579,0.0487023268488721,0.6248
"Ashfield","East Midlands",0.127827963866016,0.269485970101527,0.265089135822208,0.337596930210249,0.29204657868813,0.394763447925381,0.110266351680899,0.193645552492964,NA,0.6984
"Ashford","South East",0.223278114323447,0.310126037150814,0.234963107576584,0.231632740949154,0.52261568255724,0.182733033397142,0.0610471873029958,0.189862756004908,0.0434492640363505,0.5943
"Aylesbury Vale","South East",0.29655983757424,0.331948160376463,0.203070150471528,0.168421851577769,0.577385430556717,NA,NA,0.207531969749977,0.0893606527670811,0.505
"Babergh","East",0.238717807356068,0.303772544695597,0.244309679451839,0.213199968496495,0.530679869767083,0.192671508659718,0.0779085672452656,0.152137476640915,0.0434045504459899,0.5419
"Barking & Dagenham","London",0.120235910411061,0.30458100956827,0.234823512641876,0.340359567378793,0.194325616688245,0.514010828050165,0.0144529549843629,0.251642177390956,0.0197697528691794,0.6244
"Barnet","London",0.331832998521775,0.32803320319903,0.143719440548838,0.196414357730357,0.494921839350204,0.383828111758647,0.0334480645623916,0.0552665545429655,0.0317662090455144,0.3777
"Barnsley","Yorkshire and The Humber",0.138964837108073,0.264721485411141,0.25499557913351,0.341318098347276,0.170615638091724,0.530703160046708,0.032864275573454,0.228930490818716,NA,0.6831
"Barrow-in-Furness","North West",0.155375815533113,0.25440164447225,0.272142282598981,0.318080257395656,0.404968226458694,0.423339110340843,0.0270132871172732,0.117157712305026,0.0245176198729058,0.6062
"Basildon","East",0.184455805540688,0.326276739078275,0.228677949834813,0.260589505546225,0.501979037514049,0.220420681980522,0.0340376085764673,0.223669807648317,NA,0.6862
"Basingstoke & Deane","South East",0.308329756061143,0.315870023703317,0.195729670206611,0.180070550028929,0.529410536261028,0.218680683139696,0.0823841331599612,0.146912205713944,NA,0.519
"Bassetlaw","East Midlands",0.164287186129346,0.261693797650938,0.2561302287245,0.317888787495216,0.32992538117722,0.462617782589096,0.0286351679492182,0.156128110112513,0.0216252705732658,0.6783
"Bath & North East Somerset","South West",0.298090846734243,0.326804359423824,0.192153799253106,0.182950994588827,0.440306480661803,0.192374614609726,0.183450858288308,0.0923105100888306,0.0858390060746665,0.4215
"Bedford","East",0.245760221643859,0.309335907984216,0.20019309881622,0.244710771555705,0.493873662169907,0.298357204508682,0.050679347987628,0.118327326731393,0.0359002576552376,0.5178
"Bexley","London",0.191040551894928,0.367192912631377,0.227479768274886,0.214286767198809,0.456750067224975,0.27822796356232,0.0307174064040123,0.191343015284152,0.0246522738241612,0.6295
"Birmingham","West Midlands",0.179658703501025,0.293885471311218,0.18362141626096,0.342834408926797,0.272759015482259,0.495132993505907,0.072765191283569,0.120665656368914,0.0327293716359698,0.5042
"Blaby","East Midlands",0.232448398832895,0.33763192968553,0.2430027736753,0.186916897806275,0.534658481348103,0.219985924035549,0.0728231524845454,0.170433078001108,NA,0.5947
"Blackburn with Darwen","North West",0.143423794903973,0.264684131501692,0.216009681106156,0.375882392488179,0.33324638463782,0.49642906643775,0.0200579800504704,0.14186750055128,NA,0.5634
"Blackpool","North West",0.10412330905307,0.306798473812001,0.210479535206382,0.378598681928547,0.387916492376885,0.390469705226769,0.0234500040668828,0.161215425382806,0.024351895076821,0.6746
"Blaenau Gwent","Wales",0.0927347088828638,0.226781857451404,0.249391112540784,0.431092321124948,0.107912760786542,0.580121831897232,0.0195688539595367,0.179181264400467,0.023293248745384,0.6203
"Bolsover","East Midlands",0.133860611472552,0.257175660160735,0.258748990092274,0.35021473827444,0.244647483976544,0.512341470066821,0.0332742397381699,0.209736806218464,NA,0.7083
"Bolton","North West",0.173474406634258,0.295361738633114,0.211278238490134,0.319885616242494,0.313107622029214,0.44099021051518,0.0316279415413131,0.192252136069101,NA,0.5829
"Boston","East Midlands",0.113236459709379,0.231651254953765,0.254900924702774,0.400211360634082,0.437965804471723,0.164793834652392,0.0234200143058215,0.337917349269711,0.018459124576017,0.7556
"Bournemouth, Christchurch & Poole","South West",0.209072009690779,0.35194552210709,0.20010149126684,0.238880976935291,0.487929410338853,0.170785628649477,0.0814579544465251,0.173929306951546,0.07348101182244,0.5488
"Bracknell Forest","South East",0.291838800580011,0.342398292796367,0.198052036879976,0.167710869743646,0.575580462082814,0.16052925091381,0.0776464778112816,0.143578783822396,0.0403262280824274,0.5394
"Bradford","Yorkshire and The Humber",0.167752887917577,0.290411333125195,0.205725101467374,0.336110677489853,0.309438667159905,0.410917926023356,0.0811331698338974,0.120756664428825,0.0343303145308982,0.5423
"Braintree","East",0.20957011824511,0.323704276715659,0.250679633108631,0.2160459719306,0.550935538845372,0.175768753906491,0.0535279173593873,0.178666706096475,0.0352518935248234,0.6113
"Breckland","East",0.159917096184788,0.285718181570264,0.277100548146936,0.277264174098012,0.516585576611549,0.179439200039555,0.0560546216622723,0.206166190409274,0.0417544112773486,0.6422
"Brent","London",0.219736652676109,0.302317855125749,0.185494855978472,0.29245063621967,0.295639862668726,0.559361740896005,0.0644665754830363,0.0374134337794895,0.0362003139675975,0.4026
"Brentwood","East",0.321805419978618,0.361920699112165,0.172221447496862,0.144052433412355,0.588357708538066,0.125093936065669,0.0881939225774129,0.168102202439447,0.0269187043567066,0.5915
"Bridgend","Wales",0.164790881777863,0.282297677523964,0.237016548237875,0.315894892460299,0.259624424289673,0.431485622571446,0.0374200473642695,0.151331073899619,0.0197026816038314,0.5464
"Brighton & Hove","South East",0.285726129898125,0.374366521229959,0.150822356489206,0.189084992382709,0.334795236648775,0.357154350242247,0.0312983200458884,0.0663341970485577,0.204033567430382,0.3138
"Bristol, City of","South West",0.256981192111616,0.321726258413054,0.175946101115746,0.245346448359584,0.277194266888182,0.367827743830898,0.105229071044406,0.104947484019936,0.140169327664048,0.3827
"Broadland","East",0.213796395081139,0.331208939300354,0.259503621764276,0.195491043854231,0.481591207045898,0.238345910809005,0.0789200851158574,0.156971900275536,0.0431287526974525,0.5437
"Bromley","London",0.308024858146447,0.367187662378151,0.162804231704529,0.161983247770873,0.519807438420922,0.229477454852234,0.0684944731373569,0.136525390311628,0.0441374176207555,0.4935
"Bromsgrove","West Midlands",0.306901002125721,0.323868812632858,0.20657455208017,0.162655633161251,0.538482151402048,0.222107378696526,0.0500717772035602,0.156244616709733,0.0330940759881328,0.5537
"Broxbourne","East",0.181990107652022,0.332157404713413,0.248254291533314,0.237598196101251,0.560511906831219,0.184034416826004,0.0318746740830871,0.197158004519381,0.0264209977403094,0.6626
"Broxtowe","East Midlands",0.259327801325294,0.308877081965256,0.20810697868784,0.223688138021611,0.426660249577646,0.376212234808857,0.0518155831854199,0.118242450014241,NA,0.5465
"Burnley","North West",0.127490039840637,0.262201195219123,0.237051792828685,0.373256972111554,0.135208574447743,0.376163639108338,0.294545363055402,0.172696623559603,0.0213857998289136,0.6661
"Bury","North West",0.213032753186241,0.32496231327943,0.199105796902837,0.262899136631492,0.382065011628536,0.431218562388447,0.0283628103196495,0.128660284493483,0.0278543999134621,0.5412
"Caerphilly","Wales",0.142639472766325,0.278853744056689,0.238888990876214,0.339617792300773,0.154188571216924,0.471379157662818,0.0263088365271196,0.193857274722441,0.0208603990412103,0.5763
"Calderdale","Yorkshire and The Humber",0.207494440771681,0.302842718913396,0.219529418835267,0.270133421479656,0.415565194153802,0.37446296791169,0.0441445515653586,0.118928197011121,0.0332189035295085,0.5568
"Cambridge","East",0.417418882654306,0.281776042937302,0.121086443848093,0.179718630560299,0.18841771474205,0.343741389026578,0.331040084734801,0.055650645881454,0.0778608307412124,0.2615
"Camden","London",0.39253967660296,0.346274201792772,0.083691762975153,0.177494358629116,0.300030314870095,0.495461033662222,0.0613879809269062,0.0413465188445505,0.0945267357818675,0.2506
"Cannock Chase","West Midlands",0.145157033518079,0.278701504354711,0.284738717339667,0.291402744787543,0.441856515000318,0.337332002802607,0.0269644790759889,0.174610925921994,0.0192360771990913,0.6886
"Canterbury","South East",0.246842628068682,0.348659003831418,0.200321649874651,0.20417671822525,0.44601565214598,0.226462998655447,0.0933131844515865,0.170638970186763,0.0605386804456761,0.5104
"Cardiff","Wales",0.24992183521971,0.348882913625685,0.151318081523633,0.249877169630973,0.283583849267439,0.401993978016248,0.0968016051771799,0.095639920499146,0.0399369176824784,0.3998
"Carlisle","North West",0.156562616447387,0.273683607074268,0.250695101327142,0.319058675151202,0.476025827642915,0.327812876893473,0.0383220357228419,0.123475522050178,0.032038879043099,0.6014
"Carmarthenshire","Wales",0.16545810420356,0.277099450088545,0.260919004567061,0.296523441140833,0.22271460951035,0.319951698720161,0.0219370316115805,0.132905411085527,0.0244111870576797,0.5375
"Castle Point","East",0.165121981630024,0.337849632184863,0.274884668135156,0.222143718049956,0.508514851485149,0.138239823982398,0.0176237623762376,0.311947194719472,0.0236743674367437,0.727
"Central Bedfordshire","East",0.260539682945865,0.329797714855995,0.229601955039216,0.180060647158924,0.558748404843051,0.181671782207083,0.0612008190399009,0.151784632017408,0.041786914025154,0.5613
"Ceredigion","Wales",0.195769705017547,0.319880489424263,0.261121123020013,0.223228682538177,0.110193500106906,0.0966164207825529,0.358509728458414,0.102335899080607,0.0558050032071841,0.4537
"Charnwood","East Midlands",0.241464864975702,0.321884803871312,0.225983719165864,0.210666611987123,0.515224526738274,0.277142727615987,0.0526497123643939,0.13041632794561,NA,0.5381
"Chelmsford","East",0.289668866436956,0.348653857384804,0.190951741322588,0.170725534855652,0.54571550557232,0.153700566234872,0.0986533036877682,0.142661182368425,0.0345698145748873,0.5283
"Cheltenham","South West",0.291847297758861,0.343632589790074,0.161319986337721,0.203200126113344,0.469642395693414,0.080099943781973,0.320061304270651,0.076599539884319,0.0490359215469596,0.4383
"Cherwell","South East",0.254604019326378,0.309945615386411,0.21765515953598,0.217795205751231,0.522131630472201,0.196916945707838,0.0942401945433374,0.127596129443938,0.0469331208179392,0.5031
"Cheshire East","North West",0.29747729028477,0.299848157915768,0.189633891863573,0.213040659935889,0.517442096903051,0.252768304264681,0.0699892597766082,0.129144507940501,NA,0.5118
"Cheshire West & Chester","North West",0.257822873109926,0.294702839816888,0.197746774736926,0.24972751233626,0.435481575242688,0.383154736236201,0.0543623380591213,0.104224412305218,NA,0.5068
"Chesterfield","East Midlands",0.165711076959451,0.286676912164558,0.23684832722544,0.31076368365055,0.200614452294064,0.471275397724747,0.127945561949921,0.164460684299002,0.0288582652303587,0.6004
"Chichester","South East",0.287987371744278,0.314885556432518,0.211049723756906,0.186077348066298,0.579373841423001,0.1205373489482,0.0840157704503353,0.149026609699882,0.065349517921726,0.5092
"Chiltern","South East",0.409880521930514,0.309817638736048,0.156225436252162,0.124076403081277,0.590506533158863,0.127287553810851,0.0902884451271548,0.136883427206008,0.0550340406971231,0.4498
"Chorley","North West",0.242109384411517,0.307523189977111,0.224129622936996,0.226237802674377,0.374905417747129,0.4395575151872,0.0282332248922041,0.135906782000312,NA,0.5683
"Christchurch","South West",0.238342824131386,0.316167368160436,0.235619377733762,0.209870429974416,0.581145512704448,0.0954593920373388,0.0656446778119782,0.214517070030378,0.0432333474158569,0.5883
"City of London","London",0.609545073960368,0.280770304214346,0.049399944180854,0.060284677644432,0.540831836396297,0.27356639491502,0.069669752659942,0.052342130717148,0.0539726405969324,0.2471
"Colchester","East",0.233656512272736,0.347786441371867,0.204849545006234,0.213707501349164,0.450400135602081,0.169858481388874,0.189168909256197,0.14081166882044,0.0481654815959228,0.536
"Conwy","Wales",0.18294649104128,0.292276336202963,0.243208712317099,0.281568460438658,0.423986056137295,0.269173518003552,0.041305584631353,0.123083761695108,NA,0.5398
"Copeland","North West",0.176055688733174,0.254748294302047,0.251106398672322,0.318089618292458,0.357952108198128,0.422648936438646,0.0345184325401832,0.155131084252227,0.0297494385708158,0.62
"Corby","East Midlands",0.117220975311161,0.236584370536625,0.230157110793716,0.416037543358498,0.427653362765692,0.38471534873785,0.025955068181009,0.137216505856802,0.0244597144586463,0.6425
"Cornwall","South West",0.183326786484729,0.28653946461804,0.272250162597961,0.25788358629927,0.431223012979522,0.123021768079967,0.223613836031509,0.13841558864799,0.0584592468870113,0.5652
"Cotswold","South West",0.303942771585427,0.297704208950258,0.222508733987689,0.175844285476626,0.565496673548979,0.0924700442938571,0.18649302062929,0.109199357650837,0.046340903877036,0.489
"County Durham","North East",0.162657211750048,0.283858250633806,0.229942910982043,0.323541626634103,0.235885888016925,0.495396711238288,0.0629081200829995,0.160762644782193,0.0374006172015375,0.5755
"Coventry","West Midlands",0.166398853692237,0.316032956348191,0.196550841819764,0.321017348139809,0.297943221320973,0.450189058974203,0.0426602427273282,0.145514423370129,0.0375449777398305,0.556
"Craven","Yorkshire and The Humber",0.266536251375474,0.285364959041448,0.256938501039247,0.191160288543832,0.554408988434539,0.173885151853956,0.0743598672996206,0.140233508678678,0.0571124837332063,0.5283
"Crawley","South East",0.176987744952934,0.338582677165354,0.230004144218815,0.254425433662897,0.470216271884655,0.335798146240989,0.0275798146240989,0.143748712667353,0.0226570545829042,0.5841
"Croydon","London",0.240792150912163,0.359269924474946,0.178406386867607,0.221531537745284,0.404141921729861,0.428865539820314,0.0397076290543627,0.083916552459266,0.0372955687528552,0.4571
"Dacorum","East",0.291638766126512,0.329851345922057,0.193830632561046,0.184679255390384,0.541591133429348,0.214577090067197,0.0654686665372024,0.136355140448942,0.0371221104702271,0.5067
"Darlington","North East",0.181958432788031,0.303283460441288,0.21977062350818,0.294987483262502,0.34478215010231,0.434167580292162,0.0462210669782293,0.135470195949279,0.0346230282854367,0.5618
"Dartford","South East",0.190630515000802,0.346895555912081,0.242098507941601,0.220375421145516,0.489717272692587,0.254206570262124,0.0277385630890152,0.199053760158724,0.0252584989888969,0.6422
"Daventry","East Midlands",0.277954311233253,0.306466849879766,0.214230504981106,0.201348333905874,0.581705320080734,0.180718991583838,0.0447846452644808,0.157964888228798,0.0348261548421494,0.586
"Denbighshire","Wales",0.177841821100248,0.277652123157741,0.252407704654896,0.292098351087115,0.390722442472348,0.361152803386298,0.028691113599157,0.132083144284231,NA,0.54
"Derby","East Midlands",0.18990440662159,0.283503018056527,0.207235563845496,0.319357011476387,0.360519094388242,0.392349264176254,0.0616307824885808,0.147706025718158,0.0343169843200794,0.5722
"Derbyshire Dales","East Midlands",0.29843137254902,0.258921568627451,0.250490196078431,0.192156862745098,0.523743164206837,0.227212263254577,0.0837186714807542,0.116298220054475,0.0458816325668799,0.5156
"Doncaster","Yorkshire and The Humber",0.134736408834393,0.259702559547665,0.250127273318097,0.355433758299845,0.215322653116243,0.491548685941164,0.0343852884230477,0.233957208329589,NA,0.6896
"Dover","South East",0.175173979271826,0.317403900719811,0.233863982557271,0.273558137451092,0.426515485426922,0.2989545577845,0.0297814347900665,0.21750259662419,0.0252955941521505,0.6215
"Dudley","West Midlands",0.169511515906038,0.289923445707608,0.260535770839476,0.280029267546877,0.404523498212834,0.358026526884728,0.0228309749365053,0.192440283238235,0.0202346256455434,0.676
"Ealing","London",0.280685429185187,0.304582397022283,0.176475246740648,0.238256927051882,0.319033105622701,0.538756349623402,0.0436573830793484,0.0533683657383079,0.038416535295148,0.396
"East Cambridgeshire","East",0.280961987263162,0.292749495668684,0.239824374035837,0.186464143032317,0.497073360873455,0.150142676501012,0.172495870729679,0.132091928138883,0.0481961637569711,0.5092
"East Devon","South West",0.230007725100855,0.305999828331092,0.252496352035707,0.211496094532345,0.491792657122045,0.111368743229469,0.0816700029884901,0.139287375779282,NA,0.5411
"East Dorset","South West",0.287505617977528,0.319865168539326,0.228269662921348,0.164359550561798,0.556416252827636,0.0837058433692482,0.141110845244669,0.175572241602254,0.0431948169561932,0.5762
"East Hampshire","South East",0.328222429737627,0.306142121276019,0.205500497032864,0.16013495195349,0.607393720658683,0.102594478407968,0.108300873081898,0.125021920029673,0.0566890078217791,0.4948
"East Lindsey","East Midlands",0.142827153690729,0.269411425122674,0.267941955968406,0.31981946521819,0.494857615190286,0.177375229997808,0.0402741427642164,0.241715020365891,0.0278240324490983,0.7065
"East Northamptonshire","East Midlands",0.232874635126426,0.301148640964404,0.24906175366769,0.21691497024148,0.467636516658453,0.303342245921707,0.0338784946877779,0.162305083383874,0.0328376593481879,0.5876
"East Riding of Yorkshire","Yorkshire and The Humber",0.224274677406098,0.303967699515082,0.246578860853127,0.225178762225692,0.500097205879619,0.23575773274599,0.0564995712884448,0.162505671316711,0.0338247801238008,0.604
"East Staffordshire","West Midlands",0.200173085244483,0.260637530650512,0.224722342420309,0.314467041684696,0.506839361217921,0.265176975369858,0.0279519792387017,0.17349627678844,0.0262826945728833,0.6321
"Eastbourne","South East",0.187080120461992,0.33209782572724,0.219412913260747,0.261409140550022,0.395675430472338,0.0783072183264974,0.381820931067723,0.11603379514998,0.0255353733910447,0.5733
"Eastleigh","South East",0.269544501126447,0.326773182795142,0.223528497811845,0.180153818266567,0.44553207649586,0.121140821433988,0.25548908000169,0.143244516350633,0.03094041257031,0.5245
"Eden","North West",0.198699794026777,0.25437693099897,0.316941297631308,0.229981977342945,0.596571116322488,0.143621502242663,0.0852667288996152,0.121877917169463,0.0526627353657704,0.5332
"Elmbridge","South East",0.440290250366673,0.317782981241798,0.128862928749711,0.113063839641819,0.624309781199646,0.131172931329197,0.0901702728178587,0.103717288033522,0.0413398362898346,0.4047
"Enfield","London",0.216138084396675,0.321141525917298,0.172245459840102,0.290474929845926,0.387727235214237,0.475897874511393,0.0260640572598978,0.0720850495547203,0.0326438437356982,0.4418
"Epping Forest","East",0.25473321858864,0.362951807228916,0.20223752151463,0.180077452667814,0.550467319190286,0.165343871525747,0.0694034711057167,0.179110821508131,0.0333786256792558,0.6269
"Epsom & Ewell","South East",0.34269298489482,0.351959966638866,0.170512464090446,0.134834584375869,0.582906042734893,0.15515461211347,0.0875347811630471,0.124547188632028,0.0370299074252314,0.4792
"Erewash","East Midlands",0.179764851485149,0.291854185418542,0.258157065706571,0.270223897389739,0.442548322696483,0.336757900340916,0.0365522710712315,0.157144395014203,0.0269971108771667,0.6123
"Exeter","South West",0.224353062442359,0.347990017902675,0.192372375630662,0.235284544024304,0.346289919832693,0.422393638638202,0.0458309831344821,0.0975811157144477,NA,0.4472
"Fareham","South East",0.293238234652879,0.351979319151587,0.200735042202635,0.154047403992899,0.560150737790013,0.142900483108317,0.0858929174445397,0.158591564641037,0.0385720315744122,0.551
"Fenland","East",0.129969965675057,0.264445080091533,0.273526887871854,0.332058066361556,0.550869061413673,0.144380069524913,0.0446890691386636,0.22499034376207,0.0350714561606798,0.7139
"Flintshire","Wales",0.18307121013543,0.275578855395369,0.254215814766273,0.287134119702927,0.323139226365033,0.402775132980412,0.0395196201647815,0.170240316867883,0.0210229653044902,0.5637
"Forest Heath","East",0.153574068208215,0.366328793158061,0.245961355717453,0.234135782916271,0.521693207669808,0.174764380890478,0.0500690607734807,0.217338316542086,0.0361350341241469,0.6497
"Forest of Dean","South West",0.202832422194481,0.272093323576256,0.277258835177134,0.247815419052129,0.468315831987076,0.246445880452342,0.0531098546042003,0.177544426494346,0.0545840064620355,0.5858
"Fylde","North West",0.275691309873351,0.338314562426048,0.17625662824839,0.209737499452211,0.491447987694286,0.187845811235852,0.0372615193883876,0.127855453773217,0.0317055811924605,0.5696
"Gedling","East Midlands",0.216066404051773,0.331963984243106,0.231119864940912,0.220849746764209,0.377870069161601,0.410853719010038,0.0362660303859813,0.144677640564787,0.0300403044449672,0.5555
"Gloucester","South West",0.175374782405363,0.319753695861155,0.23596352204526,0.268907999688223,0.461669180738854,0.300400104530997,0.0613658851410878,0.141352331848989,0.0292937994872299,0.585
"Gosport","South East",0.165726564598442,0.343770384866275,0.239208011971912,0.251295038563371,0.553110248610091,0.145305779922375,0.0691912304626036,0.194398405538655,0.0358124409944404,0.6386
"Gravesham","South East",0.171271643390602,0.296393047322415,0.250644696741351,0.281690612545631,0.468377909411835,0.301441991264285,0.0221583996489758,0.185604020822115,0.0224176788527892,0.6538
"Great Yarmouth","East",0.112350124095501,0.277659314153878,0.254518124934457,0.355472436816164,0.429265330904675,0.290876790573208,0.0231622028829072,0.230947401560638,0.0219928489509546,0.715
"Greenwich","London",0.247035786792883,0.316735341109763,0.179126172771284,0.257102699326069,0.305827699536465,0.480017137483953,0.0400352331070801,0.126099457442252,0.0427328128761727,0.4441
"Guildford","South East",0.379673945557882,0.323935586798285,0.161357064512913,0.13503340313092,0.580965727913233,0.114260500305536,0.142130843420122,0.10170975739264,0.0478929321812051,0.4383
"Gwynedd","Wales",0.177412963487121,0.290716105292952,0.259949051797339,0.271921879422587,0.180645739910314,0.215713004484305,0.0335605381165919,0.096914798206278,NA,0.4195
"Hackney","London",0.266675666857921,0.332455814686062,0.12524891153937,0.275619606916647,0.141268326715709,0.636010136764238,0.0479957318887418,0.0297844398616968,0.131326500251367,0.2152
"Halton","North West",0.137016275753553,0.28871023258101,0.214412155185131,0.359861336480307,0.231330945188388,0.583277775568564,0.025503592859192,0.131461660714942,0.0231477464966519,0.5742
"Hambleton","Yorkshire and The Humber",0.26600579891858,0.307930412977039,0.231721651908158,0.194342136196223,0.518646943161615,0.140885290034846,0.0743559794137956,0.150673405045641,0.0440555553317416,0.5366
"Hammersmith & Fulham","London",0.379175711309567,0.338995644002855,0.101295144301511,0.180533500386067,0.449078365839509,0.413953981184947,0.0481678424409084,0.0460671268397424,0.0415703165536411,0.2998
"Harborough","East Midlands",0.313666975843852,0.321450175424446,0.20647658991007,0.158406258821632,0.533519450854668,0.174883840942078,0.106357375098846,0.155715845326371,NA,0.5075
"Haringey","London",0.279183003134289,0.314666389091288,0.137665822374889,0.268484785399535,0.104013234605304,0.578724973341439,0.200462413920254,0.027734869397965,0.0705280886559102,0.2443
"Harlow","East",0.149145282802402,0.317870664270144,0.244177597613675,0.288806455313779,0.488644324422047,0.299948023773474,0.0204289168606359,0.162888974260469,0.0215588348285914,0.681
"Harrogate","Yorkshire and The Humber",0.299491202035192,0.322047911808353,0.199788000847997,0.178672885308459,0.534891886999302,0.135532843145692,0.164198459675873,0.118747562266284,0.0464173539053508,0.4903
"Harrow","London",0.322943505310124,0.307107396468296,0.164268208383083,0.205680889838497,0.483637074366849,0.401777414795642,0.0305797296649186,0.0553308318132774,0.0244420005258551,0.4537
"Hart","South East",0.404532729991947,0.323081642827012,0.16520305249837,0.107182574682671,0.639070326051896,0.108959575172505,0.102631510060111,0.0993577898082945,0.0437857558907917,0.476
"Hartlepool","North East",0.127186062904904,0.256050485045819,0.238394145882985,0.378369306166292,0.209065586224361,0.356444669536592,0.0192707014434034,0.279868321093948,0.0339579640415295,0.6957
"Hastings","South East",0.150526179869585,0.313093162889793,0.228710697914649,0.307669959325973,0.445461150273922,0.351287136489485,0.0316924224870894,0.133249553282149,0.0383097374673552,0.5488
"Havant","South East",0.19986192613048,0.28572661373835,0.24548383385111,0.26892762628006,0.541781145540593,0.146058388307133,0.0736632260705959,0.190598783187195,0.0478984568944836,0.6236
"Havering","London",0.188745027124774,0.358871609403255,0.236904159132007,0.215479204339964,0.465410204786267,0.232345653703008,0.0264218237755005,0.248769753172612,0.0243591278630335,0.6966
"Herefordshire","West Midlands",0.207803255136954,0.275098769399444,0.262452505623712,0.25464546983989,0.541141897565071,0.120906801007557,0.113035264483627,0.154009235936188,0.0709068010075567,0.5922
"Hertsmere","East",0.288274062886173,0.351194562680214,0.182514073870658,0.178017300562955,0.592841029326626,0.224291788944122,0.0554391008364776,0.127428080892775,NA,0.5084
"High Peak","East Midlands",0.243703080053322,0.285939802146916,0.236195888584859,0.234161229214902,0.449624918781626,0.353265470869677,0.047037744393471,0.114414538581189,0.0356573273740377,0.5055
"Hillingdon","London",0.223902590352102,0.343169949847474,0.214841528359444,0.21808593144098,0.435716870845801,0.366797351946378,0.0386779314372207,0.124684290513446,0.0274990754795744,0.5637
"Hinckley & Bosworth","East Midlands",0.223246725490795,0.314230757487864,0.238359844899704,0.224162672121638,0.435428963835388,0.177410222377693,0.213237509554973,0.173327869200653,NA,0.6033
"Horsham","South East",0.324904952867038,0.33698765689287,0.194859642726941,0.14324774751315,0.585704871650676,0.113375216930829,0.100560732962418,0.141576378292451,0.0477328461823113,0.4854
"Hounslow","London",0.254188897644916,0.317619853501621,0.188238789773535,0.239952459079928,0.365427126264519,0.477154364930686,0.0363806669164481,0.0881603596852754,0.0328774822030723,0.4894
"Huntingdonshire","East",0.264955283846169,0.327055687547082,0.215043170887176,0.192945857719573,0.52838792492471,0.181742447413747,0.070979135874293,0.180116140573166,0.0377154611290203,0.5424
"Hyndburn","North West",0.132104813000544,0.271246403856621,0.253946038410699,0.342702744732136,0.318884510457714,0.421479702473943,0.0200293795322592,0.213444633571945,0.0261617739641383,0.6619
"Ipswich","East",0.171901731335113,0.281895116220717,0.230411277629508,0.315791874814663,0.471644340424281,0.331934141169665,0.0356829747753576,0.121549537020936,0.0385505443683839,0.5826
"Isle of Anglesey","Wales",0.173463839042958,0.277769538780958,0.258045380394483,0.290721241781601,0.211676115215026,0.311258088530035,0.02150260550879,0.146624291358873,NA,0.5094
"Isle of Wight","South East",0.182135415359124,0.294127984334597,0.248387015790927,0.275349584515352,0.406699857752489,0.127795163584637,0.0744665718349929,0.211778093883357,0.133769559032717,0.6195
"Isles of Scilly","South West",0.17629179331307,0.314589665653495,0.328267477203647,0.180851063829787,0.382741347905282,0.093351548269581,0.331636032455705,0.1183970856102,0.0631520119225037,0.4361
"Islington","London",0.353925881738871,0.331531330002734,0.09971913603261,0.214823652225785,0.195756331279945,0.558329055441478,0.09425265229295,0.0571740246406571,0.0899854551676934,0.2478
"Kensington & Chelsea","London",0.442573475925897,0.339049417299924,0.0702025908098989,0.14817451596428,0.558498216726292,0.284292173277705,0.054870575500749,0.0467170136647904,0.0459590439517011,0.3131
"Kettering","East Midlands",0.203823362014128,0.295055073822358,0.243864876627942,0.257256687535572,0.518171036469143,0.251535431403278,0.0315557626328942,0.160955567791944,0.0345842687110847,0.6099
"King's Lynn & West Norfolk","East",0.159554865926393,0.275493381176357,0.266037918828492,0.298913834068758,0.51754276980131,0.208480869533278,0.0384138332719042,0.19665683657969,0.0389056908138184,0.664
"Kingston-upon-Hull","Yorkshire and The Humber",0.102705222819845,0.261538986365859,0.236681411400826,0.39907437941347,0.160131380734007,0.514363294964955,0.0835853517384531,0.194705246526758,0.0377346797339675,0.6762
"Kingston upon Thames","London",0.36856131418798,0.346823913129947,0.137763016586452,0.146851756095621,0.443736338687482,0.13894847304537,0.303436315842925,0.0644694669982253,0.0448307960810643,0.3839
"Kirklees","Yorkshire and The Humber",0.19220666167779,0.29132240871119,0.217665205638449,0.298805723972571,0.361547666929842,0.40859638407643,0.0501124700204085,0.136111069731413,0.0363230993063107,0.5467
"Knowsley","North West",0.11045347532399,0.277057801051728,0.220136856696517,0.392351866927765,0.0899931173787887,0.741419192747373,0.035804617273278,0.103283892568472,0.0294991800320885,0.5156
"Lambeth","London",0.321150226069211,0.329005471402685,0.128419626677926,0.221424675850179,0.252546097077187,0.535660123490367,0.0846165678485696,0.0307149287826726,0.0856236848456839,0.2138
"Lancaster","North West",0.210247306859908,0.30048877756973,0.229968630693286,0.259295284877076,0.432491286634621,0.375918936842406,0.0358342300769908,0.114231162144041,0.038758280827327,0.5108
"Leeds","Yorkshire and The Humber",0.222751960393137,0.326996832428119,0.190408527201218,0.259842679977526,0.315335871423199,0.425561953151646,0.0799052606086638,0.125926420553279,0.0482640937986446,0.4969
"Leicester","East Midlands",0.13887490687982,0.289880604828156,0.180391406769082,0.390853081522943,0.229592630628948,0.567251734976504,0.037866056701833,0.109482463511032,0.0457395823608129,0.4892
"Lewes","South East",0.251846780296206,0.32791611113113,0.223018990306656,0.197218118266008,0.385627171004652,0.160354078436232,0.289633459920421,0.105438932728949,0.0582883821183655,0.4793
"Lewisham","London",0.260020449897751,0.351094069529652,0.154846625766871,0.234038854805726,0.197581940773003,0.563279681101396,0.0600284055122046,0.0683206198361198,0.0907068315160185,0.3014
"Lichfield","West Midlands",0.283281244513116,0.307651789163184,0.210204726621484,0.198862239702216,0.543010066717766,0.208690552359497,0.0487355810480234,0.161722637552596,0.0359006231148273,0.5881
"Lincoln","East Midlands",0.154655581176318,0.296482738462538,0.214413302588419,0.334448377772726,0.426363869205157,0.395564757107487,0.0425168616067617,0.122107914283275,NA,0.5694
"Liverpool","North West",0.15997605970112,0.323667853290856,0.164321473325894,0.35203461368213,0.0892665087924265,0.722952293540435,0.0385181589820526,0.0803887474205919,0.0530793211304974,0.4181
"Luton","East",0.153556527933245,0.302398154743733,0.211950069536312,0.33209524778671,0.302819313795862,0.484050062831709,0.0519531379241905,0.123284017713599,0.0259225441379145,0.5655
"Maidstone","South East",0.242473049005712,0.333548082291801,0.217046772323154,0.206932096379333,0.491674842673023,0.128729788404953,0.168231026423726,0.167460401244472,0.0323549181113513,0.5875
"Maldon","East",0.240602767351969,0.314268108229231,0.255111758444905,0.190017365973895,0.599377531038607,0.126888354043586,0.0483730531408934,0.14951871464966,0.0338286851067668,0.6258
"Malvern Hills","West Midlands",0.301633829889476,0.284046131667468,0.221864488226814,0.192455550216242,0.560850277264325,0.133900184842884,0.0969500924214418,0.143512014787431,0.0647874306839187,0.5216
"Manchester","North West",0.192705504453205,0.328439188202657,0.147250693531902,0.331604613812235,0.138323422365248,0.589679117896511,0.0900728654274181,0.100733900907666,0.0732822106192427,0.3964
"Mansfield","East Midlands",0.1312625250501,0.268354891601385,0.256452298536467,0.343930284812048,0.281567181573538,0.394189816286314,0.0347932956158752,0.251096560930646,0.0314877206365351,0.7086
"Medway","South East",0.165436616605062,0.319870322842091,0.25353357975268,0.261159480800167,0.468191894096632,0.227669464948328,0.0300966358932916,0.241717278984733,0.0263788520506442,0.6408
"Melton","East Midlands",0.236935828530726,0.287767920740789,0.242698957456453,0.232597293272033,0.556434628133985,0.153526363020347,0.080709851107082,0.15892899657528,0.0425800780176913,0.5811
"Mendip","South West",0.232157202002101,0.274083915219675,0.255082493975159,0.238676388803065,0.493167486034283,0.0696083424644037,0.265648997671727,0.102707845337047,0.0637972403911862,0.4893
"Merthyr Tydfil","Wales",0.113168143590901,0.266185020037252,0.230738838403793,0.389907997968053,0.122193564903946,0.511336548075824,0.0581323573405317,0.17945091087336,0.019338937295769,0.5644
"Merton","London",0.349606572370185,0.318652727186717,0.154753457274863,0.176987243168236,0.381375315292206,0.427365225941601,0.0802338506263093,0.072282074302082,0.0364242657432346,0.3706
"Mid Devon","South West",0.210757946210269,0.272193820849078,0.284729939986664,0.23231829295399,0.533256854268732,0.127606849182632,0.111365911828365,0.151805878268902,0.0735060291345948,0.5334
"Mid Suffolk","East",0.246975114674757,0.300754866905046,0.257449344457688,0.194820673962509,0.545566377908135,0.18139707636257,0.0607034002245401,0.14364352531453,0.0675306416029239,0.5523
"Mid Sussex","South East",0.317369341363901,0.352365455605207,0.189625024285992,0.1406401787449,0.568470276029131,0.132366979170451,0.109897590028673,0.125546367433335,0.0447132767024175,0.4691
"Middlesbrough","North East",0.115254789673394,0.266266266266266,0.209698070163186,0.408780873897153,0.247292543037329,0.508836043301252,0.0360739093220672,0.172725651084907,0.0350718532544448,0.6548
"Milton Keynes","South East",0.253712825221157,0.321095795233191,0.182880680901748,0.242310698643904,0.470203444757847,0.312240121398136,0.0504453836986994,0.125641926938212,0.0359307619104774,0.5141
"Mole Valley","South East",0.37173440511832,0.322929910183324,0.178074888241808,0.127260796456548,0.602682461931982,0.0941034273335878,0.135796646323488,0.114043122429469,0.0513687954810613,0.4692
"Monmouthshire","Wales",0.285509714374178,0.282065175323167,0.215109528601285,0.21731558170137,0.463523494589283,0.290001741681243,0.0544148112592947,0.116801678273278,0.0328879159364759,0.4956
"Neath Port Talbot","Wales",0.133242819354386,0.267819939605328,0.248226784334839,0.350710456705447,0.137391127035451,0.461504850126715,0.0374319088817035,0.161161117422587,0.0276151358909377,0.5684
"New Forest","South East",0.245931321111866,0.313231693516861,0.235993662942617,0.204843322428657,0.580639499468288,0.115128488390101,0.0817597076101882,0.170075472087717,0.0523968324437057,0.5776
"Newark & Sherwood","East Midlands",0.210648416657,0.279172949773808,0.238458415497042,0.271720218072149,0.52705865557458,0.26831314695194,0.0369240822856446,0.129587181276789,0.029781014614845,0.6039
"Newcastle-upon-Tyne","North East",0.201581027667984,0.333742983359352,0.160239589907109,0.304436399065555,0.201748351482407,0.49806204802094,0.0915787177637209,0.147410191446165,0.0559153677075119,0.493
"Newcastle-under-Lyme","West Midlands",0.189388081589121,0.290547926943074,0.233382215704573,0.286681775763232,0.382944479347505,0.362311188425185,0.0421403364741368,0.175553150896884,0.0284944105464689,0.6304
"Newham","London",0.165411566637849,0.298846521363243,0.184738590344451,0.351003321654457,0.137576962972127,0.729851641083715,0.021754232368699,0.0625410389882284,0.0375893341453898,0.4716
"Newport","Wales",0.176727288837694,0.299802848725162,0.205103781317148,0.318366081119996,0.304207690589157,0.410146129588741,0.0492293233564715,0.164980944814898,0.0290038542034129,0.5599
"North Devon","South West",0.177136856317744,0.27858830589206,0.278325769793347,0.26594906799685,0.427006880733945,0.0706995412844037,0.294438073394495,0.147534403669725,0.0576834862385321,0.5704
"North Dorset","South West",0.229636230212811,0.291277911730789,0.270154104203795,0.208931753852605,0.566207736255503,0.0896319190783928,0.116624519996254,0.170628453685492,0.0569073709843589,0.564
"North East Derbyshire","East Midlands",0.195735971345727,0.290260958553641,0.250315538120416,0.263687531980215,0.346577505824902,0.424238227656659,0.0403632189400079,0.167653014296198,NA,0.6278
"North East Lincolnshire","Yorkshire and The Humber",0.116356409146365,0.248455271754103,0.243161871777717,0.392026447321815,0.365498433335068,0.344054974772682,0.0397507317583184,0.217176032891235,0.0228369469645711,0.6987
"North Hertfordshire","East",0.329976801692712,0.310118030948071,0.181839039437122,0.178066127922094,0.553830638670538,0.205404181239091,0.0754399174434181,0.112214243942189,0.0526738695069227,0.4563
"North Kesteven","East Midlands",0.21798417087823,0.336702584151807,0.238390388099552,0.206922856870411,0.54727551032167,0.196604427860878,0.0549955488490039,0.153107420838907,NA,0.6226
"North Lincolnshire","Yorkshire and The Humber",0.156596528349203,0.249226127502841,0.264801535989969,0.329375808157988,0.424021234296869,0.345568461388009,0.0209649688502613,0.167228091748898,0.0227375140944786,0.663
"North Norfolk","East",0.175443765191132,0.271378065846652,0.285740590704869,0.267437578257347,0.340168110133306,0.115789504891565,0.343623321181117,0.168335000936347,0.0320840628576638,0.5891
"North Somerset","South West",0.248380271294307,0.318188528220185,0.215296799908147,0.218134400577362,0.508933216137191,0.161757583367715,0.116347068003659,0.152788490860495,0.0573842538611943,0.5217
"North Tyneside","North East",0.197038962591132,0.337142942512251,0.198398470180471,0.267419624716147,0.264651640365655,0.518198040134379,0.0365854874243617,0.14114820611486,0.0344820711174025,0.534
"North Warwickshire","West Midlands",0.18955732122588,0.297281228041727,0.259013026322901,0.254148424409491,0.427650327490882,0.358596079852501,0.0202405878368394,0.169905048263395,0.020178906255805,0.6688
"North West Leicestershire","East Midlands",0.220750939552527,0.288714832636718,0.247831126409329,0.242703101401426,0.49478156281524,0.274152246449911,0.0394389695041515,0.168852331807248,0.02277488942345,0.607
"Northampton","East Midlands",0.191241084165478,0.31734664764622,0.210042796005706,0.281369472182596,0.458151214713971,0.295494238028985,0.0435122093305862,0.16414631074222,0.0370744981079315,0.5838
"Norwich","East",0.205243638390465,0.311552725791584,0.18234827534461,0.300855360473342,0.297568533293539,0.374713045671364,0.107504267674116,0.107209085591438,0.109845355312384,0.4376
"Nottingham","East Midlands",0.14973050877574,0.31939152237863,0.176936289510572,0.353941679335058,0.24994518361297,0.519115570485103,0.0338019768981819,0.131059403422297,0.0605699150126736,0.5084
"Nuneaton & Bedworth","West Midlands",0.155453867708681,0.279570168898943,0.252165865446413,0.312810097945963,0.446849443952444,0.349106302486202,0.0204220336285928,0.15309019632884,0.0252165573438503,0.6601
"Oadby & Wigston","East Midlands",0.239067656765677,0.324257425742574,0.218853135313531,0.217821782178218,0.527434201749538,0.153284671532847,0.134112176249738,0.143679365744888,0.0414895847229898,0.5458
"Oldham","North West",0.144843036021601,0.277668981069373,0.226351551836686,0.35113643107234,0.224648028872307,0.472310643896868,0.0779455719693313,0.200842398120929,0.024253357140565,0.6086
"Oxford","South East",0.356696691259675,0.299868736703933,0.130018557914271,0.21341601412212,0.262371535601487,0.40827399102583,0.15239726533938,0.0683638543949044,0.0983138258056524,0.2973
"Pembrokeshire","Wales",0.159676604345629,0.265145135028915,0.284711695019931,0.290466565605525,0.416186728878193,0.283429159898809,0.0209563228449128,0.109231030111833,0.0343768167257857,0.5714
"Pendle","North West",0.149132614419158,0.248927038626609,0.251054928409132,0.3508854185451,0.47196724262059,0.349284557235421,0.0334548236141109,0.121827753779698,0.02346562275018,0.6315
"Peterborough","East",0.171641661003363,0.290867269590674,0.207486015996654,0.330005053409309,0.448903348890698,0.284013100451216,0.0455088705304042,0.176027288282159,0.0297185005575995,0.6089
"Plymouth","South West",0.158073959749629,0.330209826186014,0.2292531755656,0.282463038498757,0.424921526546232,0.310751439020418,0.0459553378503186,0.167664754252675,0.0485819334545862,0.5994
"Poole","South West",0.232792133546764,0.316556139949691,0.234278527326778,0.216373199176767,0.501158769395945,0.115084382088846,0.157364252453814,0.157359991833067,0.0443527955453776,0.5817
"Portsmouth","South East",0.189043279497128,0.34697284128846,0.198066107251346,0.265917771963067,0.41157939353671,0.217543216523662,0.139438442945024,0.163300608296198,0.052638814108806,0.5808
"Powys","Wales",0.183699533453228,0.258920426408111,0.311309198008705,0.246070842129955,0.429261970669576,0.104591245265538,0.287663149084475,0.0966059637976049,0.0342169545902245,0.5374
"Preston","North West",0.186548109657767,0.312399211610822,0.196940512452965,0.304112166278445,0.340336719014173,0.422786870524925,0.0436257260021315,0.14398721677586,0.0424957254256591,0.5331
"Purbeck","South West",0.21431469609673,0.305607400795261,0.26860342449079,0.21147447861722,0.498807455798737,0.148893186398616,0.173091391484541,0.13574945387417,0.0374222558667157,0.5907
"Reading","South East",0.313424055845327,0.299658810149418,0.171947919526256,0.214969214478999,0.467567778643092,0.334681653251232,0.0622683136613546,0.0847382667078339,0.0478934402798675,0.4197
"Redbridge","London",0.280732913381802,0.332890382428478,0.158887341400151,0.227489362789568,0.343953653085896,0.52256584463867,0.0269590308198011,0.0744105265333483,0.0302487481803921,0.4603
"Redcar & Cleveland","North East",0.133172202546186,0.26332918541208,0.250981142911841,0.352517469129894,0.238643499902963,0.43181855669935,0.129418104653363,0.171975664467398,0.0221307550988413,0.6619
"Redditch","West Midlands",0.178478374153205,0.289845901883421,0.244547011092087,0.287128712871287,0.471019093836455,0.311057190802304,0.030590956505964,0.16175336749966,0.0217696947707379,0.6229
"Reigate & Banstead","South East",0.32605680075929,0.349735951911611,0.182594728772724,0.141612518556375,0.570514748821171,0.129515916565237,0.100596737034128,0.138106017717017,0.0587174440889205,0.5049
"Rhondda Cynon Taf","Wales",0.138813440141185,0.28165285609894,0.237367122116671,0.342166581643205,0.127213114715532,0.467760529227724,0.059061954956846,0.142007423855737,0.0223598349591435,0.537
"Ribble Valley","North West",0.293421132121066,0.293300308101251,0.235908898689059,0.177369661088624,0.48626610263576,0.225829297704956,0.0527534789349769,0.157915893038302,0.0419769155676359,0.5639
"Richmond upon Thames","London",0.481197950032031,0.321428571428571,0.0961883408071749,0.101185137732223,0.476039651218788,0.118148798489709,0.309892061235515,0.0465744717211433,0.0473270701750983,0.3071
"Richmondshire","Yorkshire and The Humber",0.218181818181818,0.347126436781609,0.241727621037966,0.192964123998607,0.513787292357266,0.131928369043871,0.064167854960277,0.151743550806496,0.0428341265578992,0.5678
"Rochdale","North West",0.144251854967106,0.278109886148578,0.222115413499955,0.355522845384361,0.181019070321812,0.44575813042738,0.0667674101821897,0.256959816107611,0.0265196662693683,0.6007
"Rochford","East",0.230375953105029,0.375291991714046,0.236502269822381,0.157829785358544,0.53404806855813,0.144341463096748,0.030929776573582,0.220135401383974,0.0320106261478924,0.6661
"Rossendale","North West",0.201726631712168,0.294747785210631,0.240643644910504,0.262881938166697,0.442715151951737,0.361922585340594,0.0170096531002699,0.151616738551464,0.0221012374946589,0.6068
"Rother","South East",0.22369456292186,0.323118969729595,0.240424034121496,0.212762433227049,0.527938072225931,0.181874364876951,0.0674579274398967,0.174319527938412,0.0484101075188092,0.5853
"Rotherham","Yorkshire and The Humber",0.143977483528433,0.266372417322331,0.25548519158191,0.334164907567326,0.174124045964559,0.501894410187021,0.0335302090136587,0.278465312377454,NA,0.6789
"Rugby","West Midlands",0.251781936533767,0.284654190398698,0.212074857607811,0.251489015459723,0.500575519445351,0.26584759096775,0.0613916044436096,0.13688247274569,0.0300822740333465,0.567
"Runnymede","South East",0.291547878584605,0.367348650008385,0.190801609927889,0.150301861479121,0.59739870534644,0.155178614241189,0.0671701430512267,0.138875569407816,0.0413769679533285,0.5426
"Rushcliffe","East Midlands",0.39189065223374,0.317830168486072,0.151209369171024,0.139069810109164,0.521639631796697,0.257058756910977,0.0497925577992891,0.109441371808077,0.0604174693472549,0.4245
"Rushmoor","South East",0.225269242679696,0.339572652513505,0.233768021195334,0.201390083611465,0.505921066874499,0.183325756099673,0.0882422982832153,0.178671169708385,0.0438397090342274,0.5821
"Rutland","East Midlands",0.318971577784473,0.310836597368685,0.196946871547655,0.173244953299186,0.556434628133985,0.153526363020347,0.080709851107082,0.15892899657528,0.0425800780176913,0.5057
"Ryedale","Yorkshire and The Humber",0.214574067738625,0.262606910708177,0.287444406431748,0.235374615121451,0.526019287692161,0.15447340781056,0.08981189725962,0.149049937935644,0.0459085266876731,0.5526
"Salford","North West",0.167936456475928,0.326707981595321,0.189907353142886,0.315448208785865,0.242171411254428,0.482718523435212,0.0310325195496256,0.180011183215702,0.041066119611847,0.5681
"Sandwell","West Midlands",0.112780619888362,0.266232397101417,0.248343746185345,0.372643236824875,0.25698250776593,0.496909385564351,0.0193161216235109,0.202377841289237,0.0244141437569714,0.6672
"Scarborough","Yorkshire and The Humber",0.153263867606497,0.27833282255593,0.255010726325467,0.313392583512105,0.442425088193975,0.285265450094516,0.0502592809658242,0.168496226242246,0.0457853800464711,0.6199
"Sedgemoor","South West",0.186913654018524,0.26689572751718,0.262533612190021,0.283657006274275,0.460187264371707,0.134192093610081,0.202108087903956,0.156334070768341,0.0455664605357834,0.612
"Sefton","North West",0.189020438683948,0.331081754735793,0.203838484546361,0.276059322033898,0.220446360125548,0.495002675846508,0.120890406005467,0.124557038922719,0.0283133488580644,0.4813
"Selby","Yorkshire and The Humber",0.230211030046285,0.297795559739547,0.249117439397505,0.222875970816663,0.525054920081812,0.26831300659041,0.0363608817513825,0.139932580865086,0.0277441102946746,0.5917
"Sevenoaks","South East",0.324481529981423,0.316776806651034,0.197064287236958,0.161677376130584,0.568954899830649,0.136352926258153,0.0747168099326407,0.176126020318324,0.0436604363174205,0.5438
"Sheffield","Yorkshire and The Humber",0.20776012879303,0.318524459633033,0.196362875525256,0.277352536048681,0.154103757616963,0.47829649843663,0.147026437010612,0.153699519596328,NA,0.5099
"Shepway","South East",0.182110485056345,0.317399559039686,0.237016168544831,0.263473787359138,0.478512997636793,0.144319214688238,0.0887475004544628,0.227704053808398,0.0537356844210144,0.6225
"Shropshire","West Midlands",0.227150249720966,0.284208390173508,0.257308425123169,0.231332934982356,0.502283566926018,0.206243601787957,0.0876032671930573,0.157150510997656,0.0462071597964293,0.5687
"Slough","South East",0.18612941811103,0.295705607805427,0.226094706475596,0.292070267607946,0.351340902197148,0.463959605053792,0.0300179793046146,0.12812682053237,0.0259532027765485,0.5433
"Solihull","West Midlands",0.285938151204468,0.314895390514295,0.184612819871635,0.214553638409602,0.519146598126315,0.146104561285877,0.155445046655864,0.142193291240618,0.0354063064573206,0.5616
"South Bucks","South East",0.379630134744422,0.334133435164475,0.169657956467187,0.116578473623916,0.632413520681677,0.114252393582003,0.0738671632526381,0.137501645881534,0.0419652766021481,0.507
"South Cambridgeshire","East",0.390438247011952,0.285236198064883,0.183585657370518,0.140739897552647,0.503078518613565,0.168850861257659,0.167330006300983,0.101662512944521,0.0590781008832729,0.3977
"South Derbyshire","East Midlands",0.235982894379582,0.291033125169699,0.236661688840619,0.2363222916101,0.493794570741894,0.267818446869706,0.0371734762223711,0.177258579252197,0.0239549269138332,0.6035
"South Gloucestershire","South West",0.25850512524866,0.326976926878096,0.230085019576042,0.184432928297201,0.45334577080304,0.213332327361519,0.163495569151417,0.133885703311476,0.0339035364481879,0.5268
"South Hams","South West",0.273479502688172,0.301453293010753,0.240465389784946,0.184601814516129,0.54450126009018,0.143401939277385,0.0890707754866211,0.142857219700934,0.0801688054448801,0.4715
"South Holland","East Midlands",0.145732917493621,0.262343553809389,0.276033861233748,0.315889667463243,0.595504704615197,0.124413193244864,0.0297925091958461,0.218180340195501,0.0321092527485927,0.7359
"South Kesteven","East Midlands",0.232112593029254,0.294107533220347,0.233168766732985,0.240611107017415,0.538604382039372,0.16503378281024,0.0573040711849434,0.176925657813384,NA,0.5993
"South Lakeland","North West",0.249668435013263,0.27393899204244,0.264688328912467,0.21170424403183,0.345355833855129,0.121868633063049,0.425670538806431,0.0720452571500292,0.0345102813128769,0.4714
"South Norfolk","East",0.249908894682253,0.30448798811426,0.245900260701371,0.199702856502116,0.528295595661465,0.191238619067601,0.0810747684794333,0.144042041947138,0.0552344481507516,0.5169
"South Northamptonshire","East Midlands",0.313046890327644,0.322856582303316,0.213066509711595,0.151030017657446,0.59927585191795,0.168921308946001,0.0577417362310759,0.13737442874806,0.0366866741569137,0.5434
"South Oxfordshire","South East",0.360933412758022,0.300354821164953,0.189583279376344,0.149128486700681,0.568837709545606,0.135945761027703,0.117904276137815,0.113720859523878,0.0635913937649981,0.4502
"South Ribble","North West",0.226086696024685,0.331565860819029,0.233156586081903,0.209190857074384,0.472221482274695,0.305525580257008,0.0472623713684029,0.147035337969652,NA,0.5856
"South Somerset","South West",0.209980986562413,0.275694845008439,0.273985771966929,0.240338396462219,0.46245485701353,0.0719368105428997,0.282008796310655,0.124416828490299,0.0570105055274317,0.5725
"South Staffordshire","West Midlands",0.246956983184637,0.324035687041889,0.241086531126662,0.187920798646811,0.580016448726869,0.198195237332728,0.0289930301807308,0.161792153605623,0.0264733229412708,0.6485
"South Tyneside","North East",0.136791769308796,0.285631481979837,0.230194381766618,0.347382366944749,0.16817821924948,0.532710292798229,0.0242443898263477,0.209263183172322,0.0396864971870216,0.6205
"Southampton","South East",0.188697119127952,0.322034778094991,0.2042953542694,0.284972748507656,0.39721088464333,0.348915986726081,0.0620161750384665,0.128473907979726,0.0498226303981321,0.538
"Southend-on-Sea","East",0.199289631565387,0.348743052743936,0.213276160329788,0.238691155360889,0.482755778288632,0.212094118525464,0.0658465089048589,0.18887495300056,0.0484041960949126,0.5808
"Southwark","London",0.301437926016696,0.328521099793214,0.135368001838094,0.234672972351995,0.13892094276185,0.53297977092358,0.182835582645061,0.0517164494700699,0.0733966518494219,0.2719
"Spelthorne","South East",0.243633187772926,0.37907423580786,0.213659388646288,0.163633187772926,0.496872389412987,0.185700605146804,0.0644471158744066,0.208520956009699,0.0351270400782412,0.603
"St Edmundsbury","East",0.217574648848098,0.31121515611919,0.232209853958017,0.239000341074695,0.529652827645091,0.176798233592346,0.0566511354697618,0.177802013075104,0.0589587111161801,0.5662
"St Helens","North West",0.158612712517901,0.28079903058789,0.226398119928028,0.334190136966181,0.179704253950264,0.582826382707916,0.0497777994470201,0.145940098485192,0.0417514654096082,0.5802
"Stafford","West Midlands",0.260348583877996,0.329812028170441,0.197725084865988,0.212114303085575,0.509538713182233,0.257813447200738,0.0377146545091203,0.142361534294938,0.0272188872528926,0.5599
"Staffordshire Moorlands","West Midlands",0.200915155960739,0.284257221698278,0.274127632819868,0.240699989521115,0.519778633114085,0.255412303751873,0.0439977520887158,0.150153826485383,0.0279606051710072,0.6473
"Stockport","North West",0.257981333150772,0.327651126172383,0.196058967161863,0.218308573514981,0.359861950315336,0.285611143277663,0.209424215605569,0.11621410447965,NA,0.4767
"Stockton-on-Tees","North East",0.180825386108532,0.294370832981686,0.219596590429572,0.305207190480209,0.386240259171701,0.422587776902198,0.0246256895193065,0.14294939147185,NA,0.6173
"Stoke-on-Trent","West Midlands",0.107133592736706,0.261033907726515,0.244172688530665,0.387659811006115,0.279422516909607,0.394502767738229,0.0346734334846607,0.227508390947449,0.0298877205221424,0.6936
"Stratford-on-Avon","West Midlands",0.323252126279371,0.303906587862188,0.200634279948104,0.172207005910336,0.57858743583092,0.136274257539706,0.114715059804775,0.126513986106887,0.0410009449956222,0.5156
"Stroud","South West",0.290105351370765,0.27921106189393,0.235244822219562,0.195438764515743,0.469246718434196,0.345868040942569,0.0510936105996577,0.0829659571354416,0.0457644605681336,0.4539
"Suffolk Coastal","East",0.259415305245056,0.314101461736887,0.224935511607911,0.201547721410146,0.531529252209222,0.182511186603332,0.078495486191268,0.15032384091786,0.0562375962463921,0.53
"Sunderland","North East",0.12854708284247,0.297228671752582,0.222701330191808,0.351522915213139,0.203543588521633,0.533197739728359,0.0245855601320761,0.200820369676958,0.0331211491983525,0.6134
"Surrey Heath","South East",0.361292945720675,0.344419597479162,0.171254319983737,0.123033136816426,0.598592713710937,0.112068490382319,0.0907019896750014,0.142896511179291,0.0440925208061583,0.5098
"Sutton","London",0.25007497251008,0.358918396587918,0.210606111092599,0.180400519809403,0.367368075637318,0.130191349289362,0.342644434873562,0.127053467052237,0.0260772370229086,0.5372
"Swale","South East",0.170799439679536,0.300975645720184,0.254183971885675,0.274040942714605,0.505185590139348,0.188511322359225,0.0391311316623564,0.233516683687179,0.0271453687975861,0.6246
"Swansea","Wales",0.182950819672131,0.334439611910338,0.193362328537973,0.289247239879558,0.259432270559122,0.435830075673349,0.0548900763906323,0.137144496646702,NA,0.5151
"Swindon","South West",0.219309509038708,0.303132168568667,0.215832527808636,0.261725794583989,0.483444165312054,0.31033939214817,0.034687946406581,0.137244470715728,0.0342840254174671,0.5466
"Tameside","North West",0.137418677859391,0.302651276670164,0.24507869884575,0.314851346624694,0.25296252168499,0.480178990534772,0.0270615355750395,0.196876518871264,0.0413793676877405,0.6114
"Tamworth","West Midlands",0.15648033126294,0.298592132505176,0.242608695652174,0.30231884057971,0.500402764234536,0.260821639038453,0.0302497138254123,0.184995972357655,0.0235299105439437,0.6747
"Tandridge","South East",0.324213464140731,0.350346752368065,0.193504736129905,0.131935047361299,0.57414042029838,0.11812202556013,0.0924905976507495,0.170276099317327,0.0384827905816088,0.5284
"Taunton Deane","South West",0.221271768457199,0.311442236938926,0.229028697571744,0.238257297032131,0.481092473266882,0.0923696166669546,0.213484892981153,0.119560523088085,0.0454333442741894,0.5292
"Teignbridge","South West",0.227847388427425,0.306940729269323,0.243643530902436,0.221568351400817,0.489168754026605,0.108150605486633,0.200273592808415,0.136963037973956,0.0602699192679076,0.539
"Telford & Wrekin","West Midlands",0.179856398926937,0.283000631213508,0.229446110146757,0.307696859712798,0.444770721760282,0.321200131268282,0.03262369352404,0.174233226057645,0.0271722273897506,0.6322
"Tendring","East",0.141394260180334,0.286538819586669,0.265207330372104,0.306859589860893,0.422147111411169,0.16450255623686,0.0397938672918308,0.340194732117173,0.0333617329429677,0.695
"Test Valley","South East",0.300175953079179,0.312199413489736,0.204310850439883,0.183313782991202,0.561209542979028,0.125640169180009,0.136774825800169,0.129782604153065,0.0465928578877291,0.5194
"Tewkesbury","South West",0.267865224009545,0.33011066770889,0.213518739457769,0.188505368823796,0.541320496946322,0.153245727919073,0.133524843887273,0.131280978160844,0.0406279530864873,0.5325
"Thanet","South East",0.158820626696274,0.293831729583025,0.235948679990131,0.31139896373057,0.422378138281875,0.215353545411025,0.0249586725217202,0.298924673202505,0.027365488450172,0.6385
"Three Rivers","East",0.330996884735203,0.329906542056075,0.189563862928349,0.149532710280374,0.521471875934695,0.197097949463047,0.133063528310778,0.106249351010478,0.0385213109239981,0.5127
"Thurrock","East",0.150090933240697,0.318205039131945,0.256390869893945,0.275313157733412,0.363911655391978,0.305344320652319,0.0176670145560919,0.302670201957764,NA,0.7228
"Tonbridge & Malling","South East",0.278043061790524,0.32628027335373,0.212964286735482,0.182712378120264,0.569521563267657,0.166781157773652,0.0584340902363983,0.164519441121377,0.0391472705030278,0.557
"Torbay","South West",0.148369244959135,0.298506315492813,0.244959135046501,0.30816530450155,0.441797860131144,0.0982295141359798,0.269887889137594,0.137541639104207,0.0525430974910748,0.6316
"Torfaen","Wales",0.146543577814931,0.276041288071527,0.243657774224031,0.333757359889511,0.265368745821813,0.423702983009771,0.0359381616777933,0.178927593945224,0.0215343953470712,0.5978
"Torridge","South West",0.15183531205751,0.250408452238318,0.328177758414116,0.269578477290056,0.508518309062633,0.106302134879118,0.132245864555351,0.183285027569631,0.0696486639332674,0.6083
"Tower Hamlets","London",0.330772641614012,0.303780068728522,0.0978051213834386,0.267642168274027,0.202293013234842,0.598963142505386,0.043705755617113,0.0610476300400123,0.0708775777162204,0.3254
"Trafford","North West",0.300758972599803,0.328387862155711,0.167074024841702,0.203779140402784,0.391426986731391,0.405885537839102,0.0561869876411083,0.100342846312546,0.0424727294641778,0.4231
"Tunbridge Wells","South East",0.32573402417962,0.313644214162349,0.185578583765112,0.175043177892919,0.575866101960429,0.139023259251217,0.0974359726578523,0.128730422229161,0.0497229211910106,0.4511
"Uttlesford","East",0.325585505965532,0.325806451612903,0.205877154220062,0.142730888201502,0.571999374598266,0.117975088164272,0.105606031652277,0.137848965481299,0.0377673158105033,0.5068
"Vale of Glamorgan","Wales",0.234665900723294,0.331958116823772,0.209676998198292,0.223698984254641,0.420674448937135,0.347083869663322,0.0304976211302114,0.113327215227843,0.0240247240828148,0.4927
"Vale of White Horse","South East",0.360664040517726,0.29206527855937,0.190770962296005,0.156499718626899,0.497720010881979,0.144820492569638,0.204287785141179,0.0990935764579015,0.0476808692583939,0.433
"Wakefield","Yorkshire and The Humber",0.148531281235141,0.270308299934982,0.242768003571117,0.33839241525876,0.272067042035118,0.478441804255987,0.0315374178997237,0.196077735107656,NA,0.6636
"Walsall","West Midlands",0.139517199603037,0.259559989173723,0.257033857892227,0.343888953331013,0.395391915552285,0.363427981763895,0.0240723354225346,0.18957598518105,0.0211795951855329,0.6786
"Waltham Forest","London",0.207749702175685,0.331456517650009,0.190268982381341,0.270524797792965,0.266044321602053,0.534280778526308,0.0494091287968538,0.0805256714746076,0.0598683209999063,0.409
"Wandsworth","London",0.432880952593958,0.319693323432845,0.0989989175068662,0.148426806466331,0.489702998513975,0.386047647805229,0.0479395818772774,0.0346874936385905,0.0403737455300496,0.2497
"Warrington","North West",0.250242483026188,0.314649103595006,0.194111573480179,0.240996839898626,0.369612110105754,0.428530523422288,0.0497842935135342,0.12089107776887,0.0289103959073035,0.5427
"Warwick","West Midlands",0.357128082553837,0.315207648640574,0.154052998092436,0.173611270713153,0.512287312455066,0.287058695050073,0.0657677063257059,0.0919614948960556,0.0396325510471964,0.4122
"Watford","East",0.270589834194074,0.330014949714596,0.199170970372384,0.200224245718945,0.434558050900283,0.260129298829899,0.180804644784413,0.0976152736469038,0.0237225952376712,0.5027
"Waveney","East",0.147352357698764,0.272058599114909,0.274317106668701,0.306271936517626,0.435142480409751,0.35327436043094,0.0282326087460729,0.146498534418656,0.0368520159945801,0.629
"Waverley","South East",0.406783150958936,0.29841746087775,0.170020002353218,0.124779385810095,0.594851003742287,0.09841522700918,0.075449275625821,0.0973661621018341,0.0533990228665482,0.4161
"Wealden","South East",0.277166977520369,0.324555806419947,0.233262982232257,0.165014233827427,0.527636359238558,0.11090541901299,0.145785988120967,0.159194876710765,0.0562129987775679,0.545
"Wellingborough","East Midlands",0.173914863337659,0.289606964965887,0.235067598677326,0.301410573019129,0.527469256439565,0.193531544838192,0.0444580407031504,0.191559154106248,0.0429820039128445,0.6242
"West Berkshire","South East",0.334397819931447,0.306934065700113,0.198399012156437,0.160269102212003,0.582363856113728,0.13765975300216,0.129890529375288,0.105610962922099,0.0381105695250229,0.4822
"West Devon","South West",0.242900302114804,0.277207116482041,0.262101376300772,0.217791205102383,0.513917008450918,0.114939687252901,0.12822298583518,0.163019906559692,0.0773965881428954,0.532
"West Dorset","South West",0.247567488477577,0.294461921135416,0.249396444509474,0.208574145877533,0.501308550078192,0.104861989273568,0.210478369360261,0.125866482663163,0.0570437009044092,0.5103
"West Lancashire","North West",0.213141927816351,0.303778069681616,0.216081816475887,0.266998186026146,0.344661334210535,0.472093783562867,0.0287416645296425,0.12469231014067,NA,0.5531
"West Lindsey","East Midlands",0.211586520257478,0.291631957591821,0.256948125709958,0.239833396440742,0.526765595501512,0.213150362355616,0.066787113538093,0.156858366659223,0.0261870445179757,0.6182
"West Oxfordshire","South East",0.30222953570161,0.308037298744878,0.222921304810764,0.166811860742748,0.601911699326289,0.171779350911392,0.0675934475565131,0.0915153380527342,0.0507848568790397,0.4634
"West Somerset","South West",0.176541850220264,0.274339207048458,0.281938325991189,0.267180616740088,0.459529450658438,0.176116223116058,0.124249269932228,0.191691002259078,0.0484140540341984,0.6059
"Westminster","London",0.41619402643736,0.324909664730366,0.072645565567397,0.186250743264877,0.474683114689307,0.378650607544766,0.0519706907344914,0.0444311147709165,0.0429009168896241,0.3103
"Weymouth & Portland","South West",0.176425584004896,0.301591349586861,0.255278996225645,0.266704070182597,0.488836759470749,0.242031401115295,0.059695042903883,0.150297343457415,0.0468135893162129,0.6104
"Wigan","North West",0.157156753888632,0.283057059476668,0.24400860756011,0.315777579074589,0.220240063761842,0.518917719187616,0.0304531750935683,0.202614329514655,NA,0.639
"Wiltshire","South West",0.270340923821458,0.312131818116349,0.216494548387561,0.201032709674632,0.540100343156496,0.118802877384704,0.150417578317795,0.133776625718472,0.0516094933486711,0.5249
"Winchester","South East",0.405224990138666,0.303911156962102,0.155809084564736,0.135054768334496,0.571459633593218,0.0925855351643533,0.191931883464824,0.100599771656041,0.0434231761215645,0.4107
"Windsor & Maidenhead","South East",0.391646362687087,0.321963104768535,0.154495881192714,0.131894651351665,0.647184011501724,0.125621800317856,0.0932114761770148,0.0912295209634952,0.0360164131234468,0.461
"Wirral","North West",0.191125593370344,0.308693378389251,0.1973811247888,0.302799903451605,0.29897415841882,0.551770404019133,0.0319725640022863,0.0927168256069312,NA,0.483
"Woking","South East",0.371454344993485,0.306371320704287,0.163208713374094,0.158965620928135,0.56190824416904,0.161438688322685,0.116369024709414,0.113020552690324,0.0405857901624201,0.4385
"Wokingham","South East",0.430279499680131,0.314045575875229,0.148331164104035,0.107343760340606,0.573746112500703,0.166979148893619,0.114422943081891,0.0995394715973738,0.040862516881646,0.4331
"Wolverhampton","West Midlands",0.135851161308314,0.264850005975858,0.234705124629829,0.364593708085999,0.320905007776928,0.470607206947115,0.0236885022511466,0.162441248659164,0.0218879449096155,0.6257
"Worcester","West Midlands",0.234163457955533,0.306421562538815,0.205347161843249,0.254067817662402,0.453190676346962,0.339641614544577,0.0337268467308891,0.128270619230537,0.0407055085171852,0.5368
"Worthing","South East",0.220757525134405,0.353855966953194,0.209640676730553,0.215745831181849,0.508179198409413,0.169161298227926,0.0814357280729176,0.177112281808852,0.0560393977223791,0.5299
"Wrexham","Wales",0.164552721007036,0.268175944096109,0.238668453549036,0.32860288134782,0.310141300926167,0.372249076222924,0.0458944540230408,0.155638705642418,0.0232148904533662,0.5904
"Wychavon","West Midlands",0.261909758656873,0.298126217958327,0.228601409084095,0.211362614300705,0.564402518519561,0.149735868089742,0.0740411532309234,0.170930607781582,0.0407326527480571,0.5786
"Wycombe","South East",0.326814979019872,0.316958277254374,0.188187791940464,0.16803895178529,0.546071933541965,NA,NA,0.126767831065055,0.0588440727282605,0.4803
"Wyre","North West",0.197677910119107,0.324925766523204,0.232809528575718,0.24458679478197,0.472149065888573,0.323151337706097,0.0420545369327654,0.124318017909884,0.0367696406607475,0.6377
"Wyre Forest","West Midlands",0.18584908851084,0.283390266175128,0.249095275137823,0.28166537017621,0.452953074433657,0.192617313915858,0.0248381877022654,0.161144822006472,0.0225930420711974,0.6315
"York","Yorkshire and The Humber",0.271720335388731,0.325356432090307,0.185181560144857,0.217741672376105,0.393333333333333,0.330477597242738,0.0991925160019695,0.0989266371245692,0.0723682914820286,0.4196
